title,featured
People Trust Community Federal Credit Union,https://s3-placid.s3.eu-central-1.amazonaws.com/production/rest-images/t2rsm7ap6fybd/rest-502d49bd43cdd62e45760eaded6787cd-jff61vbu.jpg
Goldenwest Credit Union,https://s3-placid.s3.eu-central-1.amazonaws.com/production/rest-images/t2rsm7ap6fybd/rest-e189f335467e3cf24bb2080aaca790a8-yz7ptweq.jpg
St. Cloud Financial Credit Union,https://s3-placid.s3.eu-central-1.amazonaws.com/production/rest-images/t2rsm7ap6fybd/rest-1ae0d27498945aa1527bedffa6524930-3ehpoizm.jpg
Tangipahoa Parish Teachers’ Credit Union,https://s3-placid.s3.eu-central-1.amazonaws.com/production/rest-images/t2rsm7ap6fybd/rest-2d9f68c0fdc19b86c0e96aa21d839974-qg4i6ltd.jpg
Hawaii Central Federal Credit Union,https://s3-placid.s3.eu-central-1.amazonaws.com/production/rest-images/t2rsm7ap6fybd/rest-3886acbdf6ab9789f6ef4efefd70abfa-7mfjuolp.jpg
NYU Federal Credit Union,https://s3-placid.s3.eu-central-1.amazonaws.com/production/rest-images/t2rsm7ap6fybd/rest-dc4bfe20777bbfa573d6cffde1e26f59-8wm1etwv.jpg
Allied Federal Credit Union,https://s3-placid.s3.eu-central-1.amazonaws.com/production/rest-images/t2rsm7ap6fybd/rest-74815a6cf38637cbd2d13f2025f26826-ergvvezo.jpg
Rochester Area State Employees Federal Credit Union,https://s3-placid.s3.eu-central-1.amazonaws.com/production/rest-images/t2rsm7ap6fybd/rest-ccc7c19a549cb7256ca5781023a462b7-c3updkdr.jpg
Singing River Federal Credit Union,https://s3-placid.s3.eu-central-1.amazonaws.com/production/rest-images/t2rsm7ap6fybd/rest-5eb377e4841f6cb12c8fa3d989908f1e-cwtlziru.jpg
Kelly Community Federal Credit Union,https://s3-placid.s3.eu-central-1.amazonaws.com/production/rest-images/t2rsm7ap6fybd/rest-05ef39b68b577f51106ec737e170f799-fry3sqp6.jpg
Emporia State Federal Credit Union,https://s3-placid.s3.eu-central-1.amazonaws.com/production/rest-images/t2rsm7ap6fybd/rest-23ff3b81a551876cad7d1d12385587f3-6faglc45.jpg
Lawrence Memorial Credit Union,https://s3-placid.s3.eu-central-1.amazonaws.com/production/rest-images/t2rsm7ap6fybd/rest-6b0c8ac6409061f733d1c103cdb9ee7d-ulqrbp7w.jpg
Brookland Federal Credit Union,https://s3-placid.s3.eu-central-1.amazonaws.com/production/rest-images/t2rsm7ap6fybd/rest-65529910b0a62e3b10699785bc9a17ea-xqftazmk.jpg
Teamsters Credit Union,https://s3-placid.s3.eu-central-1.amazonaws.com/production/rest-images/t2rsm7ap6fybd/rest-3ce27e69cf97da763be4f8e5ed10ba7f-gweava6i.jpg
Foothills Credit Union,https://s3-placid.s3.eu-central-1.amazonaws.com/production/rest-images/t2rsm7ap6fybd/rest-631b260ca646d82af119d2c4ebee2ec0-gum1l6of.jpg
Hawaii County Employees Federal Credit Union,https://s3-placid.s3.eu-central-1.amazonaws.com/production/rest-images/t2rsm7ap6fybd/rest-318cb69aac7d59134699b3ff3fa76765-dtrp1tvu.jpg
White Rose Credit Union,https://s3-placid.s3.eu-central-1.amazonaws.com/production/rest-images/t2rsm7ap6fybd/rest-cab905e05b21079a6fe8b21601f4a989-8cxkcjku.jpg
Media City Credit Union,https://s3-placid.s3.eu-central-1.amazonaws.com/production/rest-images/t2rsm7ap6fybd/rest-f1d345e4843f1580a7cb194a581b4d4d-vbb057cb.jpg
TrailNorth Federal Credit Union,https://s3-placid.s3.eu-central-1.amazonaws.com/production/rest-images/t2rsm7ap6fybd/rest-601b69c6fde22f5960190f2be9927ea4-rz5who4p.jpg
HEA Federal Credit Union,https://s3-placid.s3.eu-central-1.amazonaws.com/production/rest-images/t2rsm7ap6fybd/rest-8dab85dc208f7c71634098a6e3cc923b-omgclk3u.jpg
Firefighters Community Credit Union,https://s3-placid.s3.eu-central-1.amazonaws.com/production/rest-images/t2rsm7ap6fybd/rest-567b415dea23bebf0b3e4fe1c69f18c4-l164l0ma.jpg
Heritage South Community Credit Union,https://s3-placid.s3.eu-central-1.amazonaws.com/production/rest-images/t2rsm7ap6fybd/rest-4d24ac779ea0de4bef8106274c7e220d-6bbf2ot2.jpg
Saratoga's Community Federal Credit Union,https://s3-placid.s3.eu-central-1.amazonaws.com/production/rest-images/t2rsm7ap6fybd/rest-4ab97665f7376da7098fbe707faf0c3a-4lrduyij.jpg
Malden Federal Credit Union,https://s3-placid.s3.eu-central-1.amazonaws.com/production/rest-images/t2rsm7ap6fybd/rest-fbe93393695903f1d5a1e26660524cf3-fzu7tpn8.jpg
Santee Cooper Credit Union,https://s3-placid.s3.eu-central-1.amazonaws.com/production/rest-images/t2rsm7ap6fybd/rest-dd6eddfeba143e9e75e862ec22a3b74c-jgnlzyg2.jpg
CAPE Federal Credit Union,https://s3-placid.s3.eu-central-1.amazonaws.com/production/rest-images/t2rsm7ap6fybd/rest-5c4fc89257ba177646f9cbed94773ebf-zcunrwgm.jpg
Charleston Federal Credit Union,https://s3-placid.s3.eu-central-1.amazonaws.com/production/rest-images/t2rsm7ap6fybd/rest-3aed72a16115672861cc1629dcd5f29b-hvtk9ltl.jpg
Priority Credit Union,https://s3-placid.s3.eu-central-1.amazonaws.com/production/rest-images/t2rsm7ap6fybd/rest-ae9aeb33e5acca9eccc020c8616e6dd5-emvphhic.jpg
AOD Federal Credit Union,https://s3-placid.s3.eu-central-1.amazonaws.com/production/rest-images/t2rsm7ap6fybd/rest-d8ff5419ec23b349116a68811e9b8325-whmbpcgq.jpg
Gateway Credit Union,https://s3-placid.s3.eu-central-1.amazonaws.com/production/rest-images/t2rsm7ap6fybd/rest-3eac21b219197a07561fc4a7fe3d8102-8rmodnqs.jpg
Straits Area Federal Credit Union,https://s3-placid.s3.eu-central-1.amazonaws.com/production/rest-images/t2rsm7ap6fybd/rest-a5bf4c5b3d38f7223b8b08ea79aa5cc5-jw9hhcec.jpg
Azalea City Credit Union,https://s3-placid.s3.eu-central-1.amazonaws.com/production/rest-images/t2rsm7ap6fybd/rest-d87439fa1ddf405c94f5b53d311123b2-jopebo3k.jpg
NE PA Credit Union,https://s3-placid.s3.eu-central-1.amazonaws.com/production/rest-images/t2rsm7ap6fybd/rest-fa6a6ccc0525442cf6c96cede7e9bcf9-c0ayobfy.jpg
Fond du Lac Credit Union,https://s3-placid.s3.eu-central-1.amazonaws.com/production/rest-images/t2rsm7ap6fybd/rest-cb70755a3eb6a4779d724da50a282dd2-uu4qcyxv.jpg
Madison Credit Union,https://s3-placid.s3.eu-central-1.amazonaws.com/production/rest-images/t2rsm7ap6fybd/rest-d4ba5567804ed9b70796c7040dc73aab-jhjkzdyw.jpg
Metco Credit Union,https://s3-placid.s3.eu-central-1.amazonaws.com/production/rest-images/t2rsm7ap6fybd/rest-df0d3128f506ed45521db45058b01d7f-nxh9ad2v.jpg
Georgia Guard Credit Union,https://s3-placid.s3.eu-central-1.amazonaws.com/production/rest-images/t2rsm7ap6fybd/rest-f97bd081f4d432ebf4b6a52500d7afd2-h8socw2t.jpg
First Harvest Credit Union,https://s3-placid.s3.eu-central-1.amazonaws.com/production/rest-images/t2rsm7ap6fybd/rest-5835967dbad5299c89fc43d20ccc40a2-e7epoffs.jpg
Planters Bank,https://s3-placid.s3.eu-central-1.amazonaws.com/production/rest-images/t2rsm7ap6fybd/rest-d9b3f79bf6197f627618d7ddfb969f59-cmj1waf3.jpg
Go Energy Credit Union,https://s3-placid.s3.eu-central-1.amazonaws.com/production/rest-images/t2rsm7ap6fybd/rest-392fa3bf21301a8149cb82deb0b34c40-t9qfjmyt.jpg
Torrington Federal Credit Union,https://s3-placid.s3.eu-central-1.amazonaws.com/production/rest-images/t2rsm7ap6fybd/rest-03a110a0d6b4dab7d9570381c1e7dce3-jx4jsoek.jpg
Union Pacific Employees Credit/North Platte,https://s3-placid.s3.eu-central-1.amazonaws.com/production/rest-images/t2rsm7ap6fybd/rest-7a997e06a22cf3b2d550d644dba65483-qwl68kp7.jpg
Tampa Postal Federal Credit Union,https://s3-placid.s3.eu-central-1.amazonaws.com/production/rest-images/t2rsm7ap6fybd/rest-00056ce3ff72150322a8312d9346275a-p1znvojo.jpg
1st Ed Credit Union,https://s3-placid.s3.eu-central-1.amazonaws.com/production/rest-images/t2rsm7ap6fybd/rest-0a71f17113faa0fd906ef311e8bb7fdf-f5tydcm7.jpg
Ed-Med Federal Credit Union,https://s3-placid.s3.eu-central-1.amazonaws.com/production/rest-images/t2rsm7ap6fybd/rest-ac40bfbb87447f1e8e2b39ac5ca79ae5-v5io3i9x.jpg
Catholic Credit Union,https://s3-placid.s3.eu-central-1.amazonaws.com/production/rest-images/t2rsm7ap6fybd/rest-1cb54bdfb477554465b18d456f58f66c-uxrhzhfw.jpg
Walled Lake Schools Federal Credit Union,https://s3-placid.s3.eu-central-1.amazonaws.com/production/rest-images/t2rsm7ap6fybd/rest-02d424682ce29728011b1ad63447e8ba-7nx6wjzf.jpg
Gulf Credit Union,https://s3-placid.s3.eu-central-1.amazonaws.com/production/rest-images/t2rsm7ap6fybd/rest-194383429b9876bb01c46216201672e6-eezfwk4s.jpg
Golden Triangle Federal Credit Union,https://s3-placid.s3.eu-central-1.amazonaws.com/production/rest-images/t2rsm7ap6fybd/rest-8d1e11a645214e8f26025a5f3ac2ea32-ta45lbrj.jpg
Illinois Educators Credit Union,https://s3-placid.s3.eu-central-1.amazonaws.com/production/rest-images/t2rsm7ap6fybd/rest-a018e980004294f40610606dc672f064-z65m4z6h.jpg
LibertyOne Credit Union,https://s3-placid.s3.eu-central-1.amazonaws.com/production/rest-images/t2rsm7ap6fybd/rest-0103061ac097dfc83ec487d96e1db0d2-kp49ponw.jpg
Jefferson Parish Employees Federal Credit Union,https://s3-placid.s3.eu-central-1.amazonaws.com/production/rest-images/t2rsm7ap6fybd/rest-da3cdea11d3c9ec633b48baad676debe-tlgea0wd.jpg
Solutions Credit Union,https://s3-placid.s3.eu-central-1.amazonaws.com/production/rest-images/t2rsm7ap6fybd/rest-d31e57c275d25b96c2dcb60e578f66cc-wcjjk8rt.jpg
DOCCU,https://s3-placid.s3.eu-central-1.amazonaws.com/production/rest-images/t2rsm7ap6fybd/rest-35fefa54d887bc9bfd7521afc44c4177-is4zvzw9.jpg
Community Powered Federal Credit Union,https://s3-placid.s3.eu-central-1.amazonaws.com/production/rest-images/t2rsm7ap6fybd/rest-14aaae42fdb4e638b4279b6166bc22c8-ztjf2k5s.jpg
Southwest Heritage Credit Union,https://s3-placid.s3.eu-central-1.amazonaws.com/production/rest-images/t2rsm7ap6fybd/rest-f90814f1c51fdd3b1b663a48c87d5728-fodwr8qz.jpg
Waterbury CT Teachers Federal Credit Union,https://s3-placid.s3.eu-central-1.amazonaws.com/production/rest-images/t2rsm7ap6fybd/rest-898be4810a2552fe557fc586f1ef2b8a-menfbgnm.jpg
Silverado Credit Union,https://s3-placid.s3.eu-central-1.amazonaws.com/production/rest-images/t2rsm7ap6fybd/rest-63e44e7e159ea6ff881f7f524f02dc1a-wogy2xaq.jpg
Temple Credit Union,https://s3-placid.s3.eu-central-1.amazonaws.com/production/rest-images/t2rsm7ap6fybd/rest-d8a62a6dd4196331fe950db36298d869-r1qbgyk4.jpg
Port City Federal Credit Union,https://s3-placid.s3.eu-central-1.amazonaws.com/production/rest-images/t2rsm7ap6fybd/rest-d910809863ec81bb8c4070508f865bb0-qbzt8xcb.jpg
Monroe Community Credit Union,https://s3-placid.s3.eu-central-1.amazonaws.com/production/rest-images/t2rsm7ap6fybd/rest-f2d676c25a01aba20532c82654130004-2ogm6rle.jpg
Guardians Credit Union,https://s3-placid.s3.eu-central-1.amazonaws.com/production/rest-images/t2rsm7ap6fybd/rest-8a881ae6b01b0aca1b497b0d4d897a3e-m3egj5ij.jpg
TCT Federal Credit Union,https://s3-placid.s3.eu-central-1.amazonaws.com/production/rest-images/t2rsm7ap6fybd/rest-81687a0d8e418f6f6918a9dc953acadd-pczy7pkw.jpg
Family First Federal Credit Union,https://s3-placid.s3.eu-central-1.amazonaws.com/production/rest-images/t2rsm7ap6fybd/rest-b8446886e404ba979507569dbe1ef296-a4j2p13q.jpg
Richland Federal Credit Union,https://s3-placid.s3.eu-central-1.amazonaws.com/production/rest-images/t2rsm7ap6fybd/rest-0d04298fc6f350fbc7d3443e18fec7b4-pqac0c9r.jpg
U. S. Postal Service Federal Credit Union,https://s3-placid.s3.eu-central-1.amazonaws.com/production/rest-images/t2rsm7ap6fybd/rest-112e339e302840e6c9b0af2ca57d294a-l1zuw4u3.jpg
Healthcare Federal Credit Union,https://s3-placid.s3.eu-central-1.amazonaws.com/production/rest-images/t2rsm7ap6fybd/rest-050dccbdf8475c97d30b82eb79d1ae11-qaxgmtuc.jpg
Transit Employees Federal Credit Union,https://s3-placid.s3.eu-central-1.amazonaws.com/production/rest-images/t2rsm7ap6fybd/rest-4703d3ca38c4d2a261e1c8ef28c6f9fd-hv8j4kwq.jpg
T&I Credit Union,https://s3-placid.s3.eu-central-1.amazonaws.com/production/rest-images/t2rsm7ap6fybd/rest-9ac68453e162075c88134dc4fb8f76ee-l0adctlu.jpg
Point West Credit Union,https://s3-placid.s3.eu-central-1.amazonaws.com/production/rest-images/t2rsm7ap6fybd/rest-d082c339e499ccfec7c3c872f181cd17-f042pajm.jpg
Brewery Credit Union,https://s3-placid.s3.eu-central-1.amazonaws.com/production/rest-images/t2rsm7ap6fybd/rest-b4b2a67203a2e0f224ffdb2fbfcdc38b-jq9ayatm.jpg
Healthcare Plus Federal Credit Union,https://s3-placid.s3.eu-central-1.amazonaws.com/production/rest-images/t2rsm7ap6fybd/rest-ac0a234197adc871d3459a4bd492ba96-bknk93y3.jpg
Auburn University Credit Union,https://s3-placid.s3.eu-central-1.amazonaws.com/production/rest-images/t2rsm7ap6fybd/rest-bbbf26a90ff9fd178a61a979f7e1cc07-qrysxqrj.jpg
Central Soya Federal Credit Union,https://s3-placid.s3.eu-central-1.amazonaws.com/production/rest-images/t2rsm7ap6fybd/rest-3fb3d503ead76440ccff0689b4ef2c31-gut7lnwh.jpg
Fox Valley Credit Union,https://s3-placid.s3.eu-central-1.amazonaws.com/production/rest-images/t2rsm7ap6fybd/rest-99acc364cf2f0a7a3e100f97a9421e06-qfglrfzi.jpg
Greater Valley Credit Union,https://s3-placid.s3.eu-central-1.amazonaws.com/production/rest-images/t2rsm7ap6fybd/rest-004e84c0e718f93dafae43bcc9f2b000-6pfvyhau.jpg
Cooperative Federal Credit Union,https://s3-placid.s3.eu-central-1.amazonaws.com/production/rest-images/t2rsm7ap6fybd/rest-1d6d307d31cc04782638d8802e494a13-4y1hkzqt.jpg
Mountain West Federal Credit Union,https://s3-placid.s3.eu-central-1.amazonaws.com/production/rest-images/t2rsm7ap6fybd/rest-e91d15c48b067208b789b82a6990fbc7-lijftnt1.jpg
KH Credit Union,https://s3-placid.s3.eu-central-1.amazonaws.com/production/rest-images/t2rsm7ap6fybd/rest-9c1736003efe892de2acad01990e8994-cri2ad68.jpg
Mutual Credit Union,https://s3-placid.s3.eu-central-1.amazonaws.com/production/rest-images/t2rsm7ap6fybd/rest-bc5264056fd3494ef2cc5edf928f808e-crqjy5nb.jpg
SMW Financial Credit Union,https://s3-placid.s3.eu-central-1.amazonaws.com/production/rest-images/t2rsm7ap6fybd/rest-634ca5da5061f94e0707923e08095208-562kshne.jpg
Old Hickory Credit Union,https://s3-placid.s3.eu-central-1.amazonaws.com/production/rest-images/t2rsm7ap6fybd/rest-0772f8d5cf56f67adea01f1eb9caadfe-nzviv0w5.jpg
Park City Credit Union,https://s3-placid.s3.eu-central-1.amazonaws.com/production/rest-images/t2rsm7ap6fybd/rest-9cf693f023aa216dd6d11ab3f404b313-fqbjmo38.jpg
evergreenDIRECT Credit Union,https://s3-placid.s3.eu-central-1.amazonaws.com/production/rest-images/t2rsm7ap6fybd/rest-aa54484240c0f60c3e61a9dfcb7b8bd0-c4fctwy8.jpg
Maui Federal Credit Union,https://s3-placid.s3.eu-central-1.amazonaws.com/production/rest-images/t2rsm7ap6fybd/rest-f754f753d3bbf0322f5f747ffe6cd2b9-nhisl3ju.jpg
Choptank Electric Cooperative,https://s3-placid.s3.eu-central-1.amazonaws.com/production/rest-images/t2rsm7ap6fybd/rest-4e69f6535ca9f087686db4674b33ffcc-bw23ofud.jpg
Harvester Financial Credit Union,https://s3-placid.s3.eu-central-1.amazonaws.com/production/rest-images/t2rsm7ap6fybd/rest-e1e45a635c1ad100ac9c49622ce9989c-e0h1sti1.jpg
UMe Federal Credit Union,https://s3-placid.s3.eu-central-1.amazonaws.com/production/rest-images/t2rsm7ap6fybd/rest-bfff4a221d09aaa9e3e3eadd49c7db8e-1dpbtrjv.jpg
Michigan Coastal Credit Union,https://s3-placid.s3.eu-central-1.amazonaws.com/production/rest-images/t2rsm7ap6fybd/rest-30138efb6c7f1b1efdd54a627be5c25a-sryrlpkr.jpg
Southwest 66 Credit Union,https://s3-placid.s3.eu-central-1.amazonaws.com/production/rest-images/t2rsm7ap6fybd/rest-c4ec62062af5d4db3e42b2782fb4069a-fa2rlacz.jpg
Gerber Federal Credit Union,https://s3-placid.s3.eu-central-1.amazonaws.com/production/rest-images/t2rsm7ap6fybd/rest-33ecbbfa3a22591c261645c61315c3ba-sbmywrr0.jpg
Americo Federal Credit Union,https://s3-placid.s3.eu-central-1.amazonaws.com/production/rest-images/t2rsm7ap6fybd/rest-ca4e6488a2d43dfb017684e93f7b5d36-4wgr8ulf.jpg
BluCurrent Credit Union,https://s3-placid.s3.eu-central-1.amazonaws.com/production/rest-images/t2rsm7ap6fybd/rest-7d661e02ab10bfddc0da1f2ffebb65a2-tig4shz2.jpg
InRoads Credit Union,https://s3-placid.s3.eu-central-1.amazonaws.com/production/rest-images/t2rsm7ap6fybd/rest-7f1a3a6d4cf97407ed10adad5138a7f5-b6zekuub.jpg
Lormet Community Federal Credit Union,https://s3-placid.s3.eu-central-1.amazonaws.com/production/rest-images/t2rsm7ap6fybd/rest-3fb61a59729744d3ec5c5a9d091bb5fc-r0h2lf8l.jpg
Beacon Federal Credit Union,https://s3-placid.s3.eu-central-1.amazonaws.com/production/rest-images/t2rsm7ap6fybd/rest-b5a1cfe7bbd059d551d35f789d69f9c7-3f0wqrn2.jpg
CrossRoads Community Federal Credit Union,https://s3-placid.s3.eu-central-1.amazonaws.com/production/rest-images/t2rsm7ap6fybd/rest-f6fd7de6c26c841ec7df9e07d1c735c0-relj1oh1.jpg
Visionary Federal Credit Union,https://s3-placid.s3.eu-central-1.amazonaws.com/production/rest-images/t2rsm7ap6fybd/rest-90fb9694ac1e268a90765e466506008a-ng605tuo.jpg
Boston Firefighters Credit Union,https://s3-placid.s3.eu-central-1.amazonaws.com/production/rest-images/t2rsm7ap6fybd/rest-56d52a05f5924baa9007160ecaf4b857-0nfateqe.jpg
CS Credit Union,https://s3-placid.s3.eu-central-1.amazonaws.com/production/rest-images/t2rsm7ap6fybd/rest-21c8fcda9fd96dd9acaac77f313bbe50-8j3ix1yw.jpg
Aurora Federal Credit Union,https://s3-placid.s3.eu-central-1.amazonaws.com/production/rest-images/t2rsm7ap6fybd/rest-3902b1705b0c378f00b12ee2bdd68031-ylx11jv5.jpg
Johnsonville TVA Employees Credit Union,https://s3-placid.s3.eu-central-1.amazonaws.com/production/rest-images/t2rsm7ap6fybd/rest-ec87454a6d714b0b284c8920ab4db9c6-rbazaklo.jpg
DEXSTA Federal Credit Union,https://s3-placid.s3.eu-central-1.amazonaws.com/production/rest-images/t2rsm7ap6fybd/rest-ecb2aa8858d6b6a5b5005ab04929937f-yo89d1mk.jpg
Fayette Federal Employees Federal Credit Union,https://s3-placid.s3.eu-central-1.amazonaws.com/production/rest-images/t2rsm7ap6fybd/rest-20e23c9b72203be235d1bf644d5a0c92-u1pib5yi.jpg
CWP Credit Union,https://s3-placid.s3.eu-central-1.amazonaws.com/production/rest-images/t2rsm7ap6fybd/rest-ceccb712adaf690e67d125328045d582-uarqqcmo.jpg
Strata Credit Union,https://s3-placid.s3.eu-central-1.amazonaws.com/production/rest-images/t2rsm7ap6fybd/rest-0af736f0e70b4ba9f0b3ae4c9eccbb4b-q4ye8igi.jpg
MCT Credit Union,https://s3-placid.s3.eu-central-1.amazonaws.com/production/rest-images/t2rsm7ap6fybd/rest-d59015eb24e89546d348f0b5b05cc3bf-xec6szhi.jpg
First Priority Federal Credit Union,https://s3-placid.s3.eu-central-1.amazonaws.com/production/rest-images/t2rsm7ap6fybd/rest-4678903773e2efb3ae92009ff0145c27-ai5xfkvn.jpg
ELCA Federal Credit Union,https://s3-placid.s3.eu-central-1.amazonaws.com/production/rest-images/t2rsm7ap6fybd/rest-8a6067b56e11107db38feab7a6c0e01e-yocmxkff.jpg
Rails West Federal Credit Union,https://s3-placid.s3.eu-central-1.amazonaws.com/production/rest-images/t2rsm7ap6fybd/rest-d75e1a4392f1d0a16aa1204b8b691fe8-qfki8cvw.jpg
Downeast Credit Union,https://s3-placid.s3.eu-central-1.amazonaws.com/production/rest-images/t2rsm7ap6fybd/rest-8c4b49f7cfe2de81d72d6d5fda892074-nl6anp2j.jpg
Oshkosh Postal Employees Credit Union,https://s3-placid.s3.eu-central-1.amazonaws.com/production/rest-images/t2rsm7ap6fybd/rest-316f2b469a0157b64526069df49e5a85-c6zzwkbl.jpg
Tandem Federal Credit Union,https://s3-placid.s3.eu-central-1.amazonaws.com/production/rest-images/t2rsm7ap6fybd/rest-aa73dc49db346fe0e40827225794a801-tsoq1myt.jpg
Metro Community Federal Credit Union,https://s3-placid.s3.eu-central-1.amazonaws.com/production/rest-images/t2rsm7ap6fybd/rest-5e7745cfba0a04bd20ffa735faa1b749-0mfmg8a7.jpg
Jefferson Community Federal Credit Union,https://s3-placid.s3.eu-central-1.amazonaws.com/production/rest-images/t2rsm7ap6fybd/rest-4dcee74e602bbdfd29405ba70d464afb-fjinrso7.jpg
New Jersey Law & Public Safety Credit Union,https://s3-placid.s3.eu-central-1.amazonaws.com/production/rest-images/t2rsm7ap6fybd/rest-ac73c0fd0fdecd4ad191a0959232f36c-wws2bvbt.jpg
Kenowa Community Federal Credit Union,https://s3-placid.s3.eu-central-1.amazonaws.com/production/rest-images/t2rsm7ap6fybd/rest-d7bcd20c4318445edb3684f04127d985-hem4ar7c.jpg
Montana Credit Union,https://s3-placid.s3.eu-central-1.amazonaws.com/production/rest-images/t2rsm7ap6fybd/rest-ea67087d160f08a48f20eb1a6c595463-sssnypfv.jpg
TruEnergy Federal Credit Union,https://s3-placid.s3.eu-central-1.amazonaws.com/production/rest-images/t2rsm7ap6fybd/rest-867d6163f29ed891679dba1f1f95cfdd-6j7llemi.jpg
Correctional Workers Federal Credit Union,https://s3-placid.s3.eu-central-1.amazonaws.com/production/rest-images/t2rsm7ap6fybd/rest-904bca63e393152b2be83d85a41ed1fa-6mqsskts.jpg
MOPAC Employees Federal Credit Union,https://s3-placid.s3.eu-central-1.amazonaws.com/production/rest-images/t2rsm7ap6fybd/rest-ace2b35b9b89a44f95421ecf406a8156-ahpm0nky.jpg
Western Cooperative Credit Union,https://s3-placid.s3.eu-central-1.amazonaws.com/production/rest-images/t2rsm7ap6fybd/rest-82c33d494632fe177487fd8202a2db9a-o6noekev.jpg
Pacific NW Federal Credit Union,https://s3-placid.s3.eu-central-1.amazonaws.com/production/rest-images/t2rsm7ap6fybd/rest-22ce631a902f770f310faed088d0f41b-wfcbl15r.jpg
Neighborhood Trust Federal Credit Union,https://s3-placid.s3.eu-central-1.amazonaws.com/production/rest-images/t2rsm7ap6fybd/rest-51203b20ba950b7e6f1ea1ee5cef0434-licupupw.jpg
Delta Schools Federal Credit Union,https://s3-placid.s3.eu-central-1.amazonaws.com/production/rest-images/t2rsm7ap6fybd/rest-257f9f7f4c681eb00afa10cb7da19cfa-ll6zbjo4.jpg
Catholic Family Federal Credit Union,https://s3-placid.s3.eu-central-1.amazonaws.com/production/rest-images/t2rsm7ap6fybd/rest-a9b5f07b289137cd7dfb9e86b7332fa0-pujbvks5.jpg
Synergy Federal Credit Union,https://s3-placid.s3.eu-central-1.amazonaws.com/production/rest-images/t2rsm7ap6fybd/rest-8920d75f30b577ff0eae04df4e1d8e2b-mo0tlnvx.jpg
East Tennessee Military Association Federal Credit Union,https://s3-placid.s3.eu-central-1.amazonaws.com/production/rest-images/t2rsm7ap6fybd/rest-ce5b203782ac95ae57f2308b5692723b-uxrisonp.jpg
Lan Fair Federal Credit Union,https://s3-placid.s3.eu-central-1.amazonaws.com/production/rest-images/t2rsm7ap6fybd/rest-f2eabfd3ce56acaeb7277d301beff21e-qiuwqinh.jpg
Pillar Credit Union,https://s3-placid.s3.eu-central-1.amazonaws.com/production/rest-images/t2rsm7ap6fybd/rest-d4903e92a08bfa94ad762383e3bfbbed-j68hzxlj.jpg
Alltrust Credit Union,https://s3-placid.s3.eu-central-1.amazonaws.com/production/rest-images/t2rsm7ap6fybd/rest-917e0a135868c1aa723cc10d4a61c09b-7sd9il7a.jpg
Clearpath Federal Credit Union,https://s3-placid.s3.eu-central-1.amazonaws.com/production/rest-images/t2rsm7ap6fybd/rest-c49c8b2679431d886c7cba462508cc40-gzwgr7bx.jpg
St. Thomas Credit Union,https://s3-placid.s3.eu-central-1.amazonaws.com/production/rest-images/t2rsm7ap6fybd/rest-80a067b1528d2c3144d0c598681b19ad-mbqtkzp5.jpg
Credit Union of Richmond,https://s3-placid.s3.eu-central-1.amazonaws.com/production/rest-images/t2rsm7ap6fybd/rest-9d461b7b84201597b3ac0af25e73b1d9-gviighqc.jpg
FedChoice Federal Credit Union,https://s3-placid.s3.eu-central-1.amazonaws.com/production/rest-images/t2rsm7ap6fybd/rest-d59ee5fc568fc58f22cc6d4ce9fafe7f-zzchkq8k.jpg
RiverFall Credit Union,https://s3-placid.s3.eu-central-1.amazonaws.com/production/rest-images/t2rsm7ap6fybd/rest-81fd7dab3c54429f2b9d2c9037edb0ef-ojbhkzj2.jpg
Marshall Community Credit Union,https://s3-placid.s3.eu-central-1.amazonaws.com/production/rest-images/t2rsm7ap6fybd/rest-635b6a58f98e38eccd25e1c79aa3925f-cuxeirlh.jpg
First Basin Credit Union,https://s3-placid.s3.eu-central-1.amazonaws.com/production/rest-images/t2rsm7ap6fybd/rest-0f62544506a195cc75a029978ec70402-xhk2c04n.jpg
The Credit Union for Robertson County,https://s3-placid.s3.eu-central-1.amazonaws.com/production/rest-images/t2rsm7ap6fybd/rest-1cdb8cfdf58cc7e0e1de0742b8adf59c-1mj6n5e1.jpg
Brewer Federal Credit Union,https://s3-placid.s3.eu-central-1.amazonaws.com/production/rest-images/t2rsm7ap6fybd/rest-2e800e9f066684dac081bb63fc66153a-7ql7p4fq.jpg
ANG Federal Credit Union,https://s3-placid.s3.eu-central-1.amazonaws.com/production/rest-images/t2rsm7ap6fybd/rest-897e27c3f459d21f29c8aacd002b0ede-ld9wrvlc.jpg
Everence,https://s3-placid.s3.eu-central-1.amazonaws.com/production/rest-images/t2rsm7ap6fybd/rest-a36236e483a130c28346009ceca56ba6-fwi6tcob.jpg
West Metro Schools Credit Union,https://s3-placid.s3.eu-central-1.amazonaws.com/production/rest-images/t2rsm7ap6fybd/rest-6e63cb152413ce88964a15d1aa6d7b1e-q59krmtc.jpg
American Southwest Credit Union,https://s3-placid.s3.eu-central-1.amazonaws.com/production/rest-images/t2rsm7ap6fybd/rest-7c76686018be9f20ca6a8164d8cf2757-tgqnlhpp.jpg
Healthcare Employees Federal Credit Union,https://s3-placid.s3.eu-central-1.amazonaws.com/production/rest-images/t2rsm7ap6fybd/rest-c8394bfacc15a5a9dae51a90cba8a24b-nvxtonpa.jpg
Florida West Coast Credit Union,https://s3-placid.s3.eu-central-1.amazonaws.com/production/rest-images/t2rsm7ap6fybd/rest-37563173f90c851c910f86fa2cfee22f-xa0zpixh.jpg
NET Credit Union,https://s3-placid.s3.eu-central-1.amazonaws.com/production/rest-images/t2rsm7ap6fybd/rest-43e6caae58cdf246927c24bd2b59a40f-l1g5ynt4.jpg
River Valley Community Bank,https://s3-placid.s3.eu-central-1.amazonaws.com/production/rest-images/t2rsm7ap6fybd/rest-07c1359360f99b87b37d89f38d1ef7f3-bbtt5oo7.jpg
Lithium Federal Credit Union,https://s3-placid.s3.eu-central-1.amazonaws.com/production/rest-images/t2rsm7ap6fybd/rest-d427c80acef5c675a9cfbead111111cb-0u4ej175.jpg
Sun Pacific Federal Credit Union,https://s3-placid.s3.eu-central-1.amazonaws.com/production/rest-images/t2rsm7ap6fybd/rest-370862fa28ddc2ab7cc3b906ac4ddca1-0zujfcij.jpg
Goetz Credit Union,https://s3-placid.s3.eu-central-1.amazonaws.com/production/rest-images/t2rsm7ap6fybd/rest-933a9feef7a5faff1fcd2a824c775359-vbnbp2jd.jpg
Cherokee County Teachers Federal Credit Union,https://s3-placid.s3.eu-central-1.amazonaws.com/production/rest-images/t2rsm7ap6fybd/rest-276e65eec471e06bcf7e39617b6fb7c0-bjiv2jj9.jpg
TxDot Credit Union,https://s3-placid.s3.eu-central-1.amazonaws.com/production/rest-images/t2rsm7ap6fybd/rest-c6f65919ad2481d84d4273dd1062e2e5-i208pmyw.jpg
TVA Community Credit Union,https://s3-placid.s3.eu-central-1.amazonaws.com/production/rest-images/t2rsm7ap6fybd/rest-4fd6b0c55fef8ead877b32563f628ff1-hziyp4ji.jpg
Lookout Credit Union,https://s3-placid.s3.eu-central-1.amazonaws.com/production/rest-images/t2rsm7ap6fybd/rest-b5914debd69ffc5c1020e8dcfd02132c-kmlf6joz.jpg
Signal Financial,https://s3-placid.s3.eu-central-1.amazonaws.com/production/rest-images/t2rsm7ap6fybd/rest-9a8dd2fa5461d8e5767755e1c78eeec8-hneyvp36.jpg
Fasson Employees' Federal Credit Union,https://s3-placid.s3.eu-central-1.amazonaws.com/production/rest-images/t2rsm7ap6fybd/rest-0e051dd00711d0d66191a1e537f216e0-xmytqsgv.jpg
Corner Post Federal Credit Union,https://s3-placid.s3.eu-central-1.amazonaws.com/production/rest-images/t2rsm7ap6fybd/rest-10c46fd1ba5e3833885fbb76b347c12d-d1blwhx1.jpg
Platinum Federal Credit Union,https://s3-placid.s3.eu-central-1.amazonaws.com/production/rest-images/t2rsm7ap6fybd/rest-2d2c45322703e0971391e42904f1759d-9kzmlynw.jpg
St. Jean's Credit Union,https://s3-placid.s3.eu-central-1.amazonaws.com/production/rest-images/t2rsm7ap6fybd/rest-390c77d66aee32ccebfe30cf9a475c72-1zf3sn6k.jpg
Tulare County Federal Credit Union,https://s3-placid.s3.eu-central-1.amazonaws.com/production/rest-images/t2rsm7ap6fybd/rest-c22034220b94e877ed817dd4482a5ac4-coy6sdxq.jpg
Tuscaloosa VA Federal Credit Union,https://s3-placid.s3.eu-central-1.amazonaws.com/production/rest-images/t2rsm7ap6fybd/rest-43681adad4090c0faced5b18b2da495c-czmsubgb.jpg
Mid-Kansas Credit Union,https://s3-placid.s3.eu-central-1.amazonaws.com/production/rest-images/t2rsm7ap6fybd/rest-bdbb3bde6ee7248bc12bdd26557f8d98-jckftjr5.jpg
WSSC Federal Credit Union,https://s3-placid.s3.eu-central-1.amazonaws.com/production/rest-images/t2rsm7ap6fybd/rest-df8095dde47dacc564e4e5a8801b5f9a-l20se0bx.jpg
Brentwood Baptist Federal Credit Union,https://s3-placid.s3.eu-central-1.amazonaws.com/production/rest-images/t2rsm7ap6fybd/rest-4f1adbd6f036b8b566ba586473062838-gbxb2p3n.jpg
Oxford Federal Credit Union,https://s3-placid.s3.eu-central-1.amazonaws.com/production/rest-images/t2rsm7ap6fybd/rest-26912e610b322db2f2ec373a47a0a0ef-da4s9e5i.jpg
Advanz Credit Union,https://s3-placid.s3.eu-central-1.amazonaws.com/production/rest-images/t2rsm7ap6fybd/rest-bb3847054faabf8741e120c07efe61db-7d3ymtjm.jpg
Energy One Federal Credit Union,https://s3-placid.s3.eu-central-1.amazonaws.com/production/rest-images/t2rsm7ap6fybd/rest-2e03cbefa564d6af94c4e61968fb5df7-8efpwypx.jpg
Postal & Community,https://s3-placid.s3.eu-central-1.amazonaws.com/production/rest-images/t2rsm7ap6fybd/rest-f8261852b150982e38b309c333cae515-qhrvpq3r.jpg
Jemez Valley Credit Union,https://s3-placid.s3.eu-central-1.amazonaws.com/production/rest-images/t2rsm7ap6fybd/rest-d099f8a84672c3c8e7a3235a2718cec8-bzncsa91.jpg
PC Federal Credit Union,https://s3-placid.s3.eu-central-1.amazonaws.com/production/rest-images/t2rsm7ap6fybd/rest-a601508977e1aac45e41d7eda3e0490e-ufddonoy.jpg
On Tap Credit Union,https://s3-placid.s3.eu-central-1.amazonaws.com/production/rest-images/t2rsm7ap6fybd/rest-8ceaa3e813e3386d6811884fd5d4681d-vfx5dznj.jpg
Red Wing Credit Union,https://s3-placid.s3.eu-central-1.amazonaws.com/production/rest-images/t2rsm7ap6fybd/rest-0f55a155f4a6408c9f55354e37b54cff-bvvzrka7.jpg
Oregonians Credit Union,https://s3-placid.s3.eu-central-1.amazonaws.com/production/rest-images/t2rsm7ap6fybd/rest-dba128d83057ea443c6162d5772fb05c-g41c5q6z.jpg
Weyco Community Credit Union,https://s3-placid.s3.eu-central-1.amazonaws.com/production/rest-images/t2rsm7ap6fybd/rest-1101167fbed543c12cbadaaf2daa49f2-ypubsat6.jpg
One Vision Credit Union,https://s3-placid.s3.eu-central-1.amazonaws.com/production/rest-images/t2rsm7ap6fybd/rest-416c2b968549beffc43df5c25015fb25-la0hlroo.jpg
REFederal Credit Union,https://s3-placid.s3.eu-central-1.amazonaws.com/production/rest-images/t2rsm7ap6fybd/rest-7833242f216d7d9ad67bc2cc654977e0-1ovz5xhy.jpg
Advanced Financial Federal Credit Union,https://s3-placid.s3.eu-central-1.amazonaws.com/production/rest-images/t2rsm7ap6fybd/rest-7c473e54b9be78b8af572068bf9d8f75-mxdoqhcv.jpg
Class Act Federal Credit Union,https://s3-placid.s3.eu-central-1.amazonaws.com/production/rest-images/t2rsm7ap6fybd/rest-44070663b2c272375786dd2b93910dd2-3xxkvvcu.jpg
Prime Financial Credit Union,https://s3-placid.s3.eu-central-1.amazonaws.com/production/rest-images/t2rsm7ap6fybd/rest-88565cb6d59ee1e650d0accffaa92570-ihmayafs.jpg
Media Credit Union,https://s3-placid.s3.eu-central-1.amazonaws.com/production/rest-images/t2rsm7ap6fybd/rest-a7b6a2b45cce857d7f1d12326ede9bc3-kkljm5aj.jpg
McKesson & Healthcare Providers Federal Credit Union,https://s3-placid.s3.eu-central-1.amazonaws.com/production/rest-images/t2rsm7ap6fybd/rest-3aa49678fe9d1a885097edb5a069a988-x4ozm2hj.jpg
Revity Credit Union,https://s3-placid.s3.eu-central-1.amazonaws.com/production/rest-images/t2rsm7ap6fybd/rest-bf4534c044101d7062529dcc9b6186bb-rpveqb7h.jpg
Post Office Employees Credit Union,https://s3-placid.s3.eu-central-1.amazonaws.com/production/rest-images/t2rsm7ap6fybd/rest-8dbf768f5e7f76ba16b843d408c657dc-ymhuenwb.jpg
Rocket City Federal Credit Union,https://s3-placid.s3.eu-central-1.amazonaws.com/production/rest-images/t2rsm7ap6fybd/rest-dfb561ff426f1b67602305486682a131-vxyhvgbv.jpg
Lassen Credit Union,https://s3-placid.s3.eu-central-1.amazonaws.com/production/rest-images/t2rsm7ap6fybd/rest-5064d173343b3735222175c689e0d713-bespeeew.jpg
Inland Valley Federal Credit Union,https://s3-placid.s3.eu-central-1.amazonaws.com/production/rest-images/t2rsm7ap6fybd/rest-04eae13da490a72051db31d6c44c5181-mtvxar2b.jpg
Penn Credit Union,https://s3-placid.s3.eu-central-1.amazonaws.com/production/rest-images/t2rsm7ap6fybd/rest-f0a86fde947237c5957c870461718873-dguofe8c.jpg
Omaha Douglas Federal Credit Union,https://s3-placid.s3.eu-central-1.amazonaws.com/production/rest-images/t2rsm7ap6fybd/rest-14b25f7f9edfdb65e7a679c4cf04d526-u5nvokes.jpg
Wheelhouse Credit Union,https://s3-placid.s3.eu-central-1.amazonaws.com/production/rest-images/t2rsm7ap6fybd/rest-e39e0da7a7208b9fd441fcc2c254c711-hxp51kzv.jpg
CT Firefighters Federal Credit Union,https://s3-placid.s3.eu-central-1.amazonaws.com/production/rest-images/t2rsm7ap6fybd/rest-ffde59fc77126724a2c31ae3d230cb09-oxdjpgtd.jpg
LCRA Credit Union,https://s3-placid.s3.eu-central-1.amazonaws.com/production/rest-images/t2rsm7ap6fybd/rest-535b9b74130422fb819a17df1054614a-q5ajdo0t.jpg
Fargo Public Schools Federal Credit Union,https://s3-placid.s3.eu-central-1.amazonaws.com/production/rest-images/t2rsm7ap6fybd/rest-e8fe8ced98c7f4f50454ab01144fc0cf-bnji57ew.jpg
MS National Guard Federal Credit Union,https://s3-placid.s3.eu-central-1.amazonaws.com/production/rest-images/t2rsm7ap6fybd/rest-e6ba30effc7f0a7b8d5e52047c10fbf1-2wkntq2x.jpg
MIT Federal Credit Union,https://s3-placid.s3.eu-central-1.amazonaws.com/production/rest-images/t2rsm7ap6fybd/rest-99fe2b39914d5878fd1c9f1280df743c-mos7nbjl.jpg
Perfect Circle Credit Union,https://s3-placid.s3.eu-central-1.amazonaws.com/production/rest-images/t2rsm7ap6fybd/rest-901db27afaec806c81aa1370af3b4479-ervfokhx.jpg
UFCW Federal Credit Union,https://s3-placid.s3.eu-central-1.amazonaws.com/production/rest-images/t2rsm7ap6fybd/rest-87720286fabd5c68698065e0b80278b4-cmefz2pv.jpg
Postal Family Credit Union,https://s3-placid.s3.eu-central-1.amazonaws.com/production/rest-images/t2rsm7ap6fybd/rest-189753c19135b0d21619fd68b7b097c2-jfwrda2d.jpg
Focus First Federal Credit Union,https://s3-placid.s3.eu-central-1.amazonaws.com/production/rest-images/t2rsm7ap6fybd/rest-22bfe0996b6e5a7d4c73b2378f128390-wr7kw14c.jpg
First Californian,https://s3-placid.s3.eu-central-1.amazonaws.com/production/rest-images/t2rsm7ap6fybd/rest-4a0cc8fcd1daba48c65503bdd738363e-abql6jeb.jpg
Metrum Community Credit Union,https://s3-placid.s3.eu-central-1.amazonaws.com/production/rest-images/t2rsm7ap6fybd/rest-caf226ad72e86b2d42aea2a7ac75818f-w7znfc11.jpg
Railroad Employees Credit Union,https://s3-placid.s3.eu-central-1.amazonaws.com/production/rest-images/t2rsm7ap6fybd/rest-e4b1a45f0bc53661bad18d2c8043da98-zrb6muwd.jpg
Connects Federal Credit Union,https://s3-placid.s3.eu-central-1.amazonaws.com/production/rest-images/t2rsm7ap6fybd/rest-32ba3401599e8ee0308fd460ea624c37-mtjkdgb3.jpg
OneUnited Bank,https://s3-placid.s3.eu-central-1.amazonaws.com/production/rest-images/t2rsm7ap6fybd/rest-e99049af87b039f2b30b3b2d3f37044b-c6lti6uq.jpg
Rock Valley Credit Union,https://s3-placid.s3.eu-central-1.amazonaws.com/production/rest-images/t2rsm7ap6fybd/rest-c1b985a9fb8512c2b8fbba09a784b94d-hsimgiak.jpg
Fort Peck Community Federal Credit Union,https://s3-placid.s3.eu-central-1.amazonaws.com/production/rest-images/t2rsm7ap6fybd/rest-1a981add367f46415168655e13074480-nkaohh8x.jpg
Firefighters Credit Union,https://s3-placid.s3.eu-central-1.amazonaws.com/production/rest-images/t2rsm7ap6fybd/rest-583e6f25ca78724943cf8e7177ad3f06-avgg25rh.jpg
River Community Credit Union,https://s3-placid.s3.eu-central-1.amazonaws.com/production/rest-images/t2rsm7ap6fybd/rest-356fa5004f77a4c8c85119d42e86ba5d-5yrtba6w.jpg
Intrepid Credit Union,https://s3-placid.s3.eu-central-1.amazonaws.com/production/rest-images/t2rsm7ap6fybd/rest-5804874e5dc2c2175297c54e1f036dc7-fzpipefg.jpg
AERO Federal Credit Union,https://s3-placid.s3.eu-central-1.amazonaws.com/production/rest-images/t2rsm7ap6fybd/rest-29cfa32103aafe73effb9772b91050c0-7hqovoaw.jpg
Credit Union One of Oklahoma,https://s3-placid.s3.eu-central-1.amazonaws.com/production/rest-images/t2rsm7ap6fybd/rest-0e45f23776eb6bae8eff2b5579dad3bb-cwwhdc2e.jpg
Hopewell Chemical Federal Credit Union,https://s3-placid.s3.eu-central-1.amazonaws.com/production/rest-images/t2rsm7ap6fybd/rest-3e4063f05fd25ed8cc971b651b97685f-rqso45jo.jpg
Ashland Credit Union,https://s3-placid.s3.eu-central-1.amazonaws.com/production/rest-images/t2rsm7ap6fybd/rest-aa5bfd108a8e926fd538c237dd349349-0onr6bag.jpg
MWRD Employees Credit Union,https://s3-placid.s3.eu-central-1.amazonaws.com/production/rest-images/t2rsm7ap6fybd/rest-101c4781a7176d6599b8da388ff73f9c-2gtp3pry.jpg
IBEW/SJ Cascade Credit Union,https://s3-placid.s3.eu-central-1.amazonaws.com/production/rest-images/t2rsm7ap6fybd/rest-c5de2cef72fc9f94d1b236b4062f0f3d-j5kozoiw.jpg
Glatco Credit Union,https://s3-placid.s3.eu-central-1.amazonaws.com/production/rest-images/t2rsm7ap6fybd/rest-e0f23e5c8751af48a058b6aeb7351571-ipoqqqdp.jpg
Lincoln Maine Federal Credit Union,https://s3-placid.s3.eu-central-1.amazonaws.com/production/rest-images/t2rsm7ap6fybd/rest-fdc97973d11f718f80dce64511cf32cd-gvmzpxey.jpg
Trona Valley Federal Credit Union,https://s3-placid.s3.eu-central-1.amazonaws.com/production/rest-images/t2rsm7ap6fybd/rest-23abb187e6e7652d4d2a3967beb458fd-wo7bu1se.jpg
PAHO / WHO Federal Credit Union,https://s3-placid.s3.eu-central-1.amazonaws.com/production/rest-images/t2rsm7ap6fybd/rest-f321f439a682fe9398b93632b83a2b60-2iptxbwh.jpg
Twin Rivers Federal Credit Union,https://s3-placid.s3.eu-central-1.amazonaws.com/production/rest-images/t2rsm7ap6fybd/rest-0862108fb723e3115772520f32e4065d-sxvwq1rq.jpg
Waterfront Federal Credit Union,https://s3-placid.s3.eu-central-1.amazonaws.com/production/rest-images/t2rsm7ap6fybd/rest-a92b8230e60cd4d3c823f212e0352187-qifzcrqi.jpg
Bloomington Municipal Credit Union,https://s3-placid.s3.eu-central-1.amazonaws.com/production/rest-images/t2rsm7ap6fybd/rest-cf764f29fd263ae65b6f5c25ff4a653a-ewf1te6u.jpg
Palmetto First Federal Credit Union,https://s3-placid.s3.eu-central-1.amazonaws.com/production/rest-images/t2rsm7ap6fybd/rest-ed29888b6dec7eb94c69020b24eb2e0a-afl3zdjv.jpg
First Central Credit Union,https://s3-placid.s3.eu-central-1.amazonaws.com/production/rest-images/t2rsm7ap6fybd/rest-7fef6e6dc6a752ac6cdfefbe1d3015e4-5mzkppk8.jpg
Central Communications Credit Union,https://s3-placid.s3.eu-central-1.amazonaws.com/production/rest-images/t2rsm7ap6fybd/rest-759e9264eb5f6e4846fc8fdd872b619f-3ykwfnpf.jpg
Mercy Credit Union,https://s3-placid.s3.eu-central-1.amazonaws.com/production/rest-images/t2rsm7ap6fybd/rest-f2767d1974ac335ddefcb9fa230261e1-cv5crkir.jpg
Colorado Credit Union,https://s3-placid.s3.eu-central-1.amazonaws.com/production/rest-images/t2rsm7ap6fybd/rest-571eb8e71a72e941ecd8b2f39b382b32-eecta1zk.jpg
LOC Credit Union,https://s3-placid.s3.eu-central-1.amazonaws.com/production/rest-images/t2rsm7ap6fybd/rest-9c571133ee5457c9d594879d58258ae6-fhlec7z9.jpg
TEXAR,https://s3-placid.s3.eu-central-1.amazonaws.com/production/rest-images/t2rsm7ap6fybd/rest-3d60a01273fd3dbdf8cd9e6ae78e220e-ioy9xais.jpg
Trailhead Credit Union,https://s3-placid.s3.eu-central-1.amazonaws.com/production/rest-images/t2rsm7ap6fybd/rest-0be666d9db4c6b49f7937d251cb64b07-iydf9qsk.jpg
Bragg Mutual Federal Credit Union,https://s3-placid.s3.eu-central-1.amazonaws.com/production/rest-images/t2rsm7ap6fybd/rest-70cb95d951f5b5294feb22a7c350068d-guig6xeg.jpg
Cloverbelt Credit Union,https://s3-placid.s3.eu-central-1.amazonaws.com/production/rest-images/t2rsm7ap6fybd/rest-f1cf842568ec93bd230f5b86a275f09b-cc1r748o.jpg
Kimberly Clark Credit Union,https://s3-placid.s3.eu-central-1.amazonaws.com/production/rest-images/t2rsm7ap6fybd/rest-a45702ef1f5421878fdfa8cb806731eb-rrxsbyqx.jpg
KSW Federal Credit Union,https://s3-placid.s3.eu-central-1.amazonaws.com/production/rest-images/t2rsm7ap6fybd/rest-2f3ec93a9dd110d99877661940b54518-z1o3uioa.jpg
AllCom Credit Union,https://s3-placid.s3.eu-central-1.amazonaws.com/production/rest-images/t2rsm7ap6fybd/rest-75d6acabe5f8f0c0092b8651ccc12f1b-h7rrzyq9.jpg
U.P Connection Federal Credit Union,https://s3-placid.s3.eu-central-1.amazonaws.com/production/rest-images/t2rsm7ap6fybd/rest-9f7f90b77ea708a39531b7c9af0e740c-djougocd.jpg
Cutting Edge Federal Credit Union,https://s3-placid.s3.eu-central-1.amazonaws.com/production/rest-images/t2rsm7ap6fybd/rest-e2959dc69fba0be5e67c8b12d3576e43-uwtpd0ln.jpg
St. Paul Federal Credit Union,https://s3-placid.s3.eu-central-1.amazonaws.com/production/rest-images/t2rsm7ap6fybd/rest-0238b93affa584a410dba8b7e5fb1ad4-0kyaaafl.jpg
Sabine Federal Credit Union,https://s3-placid.s3.eu-central-1.amazonaws.com/production/rest-images/t2rsm7ap6fybd/rest-1b2fe73f67c3a3d08f620685f5f69c8b-fgatxwwu.jpg
Utah Heritage Credit Union,https://s3-placid.s3.eu-central-1.amazonaws.com/production/rest-images/t2rsm7ap6fybd/rest-46112f7b2535a69f4f7c3fa1bf4b7729-aois0nhg.jpg
Las Colinas Federal Credit Union,https://s3-placid.s3.eu-central-1.amazonaws.com/production/rest-images/t2rsm7ap6fybd/rest-7a6561d26d100a3f7a485ad445c6a627-xv2psl2r.jpg
Southwest Research Center Federal Credit Union,https://s3-placid.s3.eu-central-1.amazonaws.com/production/rest-images/t2rsm7ap6fybd/rest-d6f00a98c82b34c6bca5585c7c35379b-wwozxin5.jpg
Tri Boro Federal Credit Union,https://s3-placid.s3.eu-central-1.amazonaws.com/production/rest-images/t2rsm7ap6fybd/rest-56254e1a9437540ab5b0a447550673f2-qn28r7v5.jpg
Municipal Credit Union,https://s3-placid.s3.eu-central-1.amazonaws.com/production/rest-images/t2rsm7ap6fybd/rest-788aec5a82989f8610af3ff8eb485f0e-gr7tyhbm.jpg
IBEW Local 66 Federal Credit Union,https://s3-placid.s3.eu-central-1.amazonaws.com/production/rest-images/t2rsm7ap6fybd/rest-882994fc64b70aa3b4db36994d16b2e5-9ma2hg6e.jpg
Yolo Federal Credit Union,https://s3-placid.s3.eu-central-1.amazonaws.com/production/rest-images/t2rsm7ap6fybd/rest-7d28a5ac02a58fc3ae43a391e677a1c2-w9o3fjil.jpg
Transportation Federal Credit Union,https://s3-placid.s3.eu-central-1.amazonaws.com/production/rest-images/t2rsm7ap6fybd/rest-2a70d99c02ddd3cda88470de0408e4b4-b5rxnqhr.jpg
Latrobe Federal Credit Union,https://s3-placid.s3.eu-central-1.amazonaws.com/production/rest-images/t2rsm7ap6fybd/rest-77ba43bb5cc2ca9e6d11cfc1c82efe0e-pp2k70jg.jpg
Louisiana Baptist Federal Credit Union,https://s3-placid.s3.eu-central-1.amazonaws.com/production/rest-images/t2rsm7ap6fybd/rest-8a4fd32c8b6635ee892162b2954404e1-cxo3ddtw.jpg
Mass Bay Credit Union,https://s3-placid.s3.eu-central-1.amazonaws.com/production/rest-images/t2rsm7ap6fybd/rest-1329a6de5c60432dafbafa431b65c4ef-n3swcgy3.jpg
Iowa Heartland Credit Union,https://s3-placid.s3.eu-central-1.amazonaws.com/production/rest-images/t2rsm7ap6fybd/rest-c48abd5304f8924bacd80d04c643f887-ojbpp1gi.jpg
Unity Catholic Federal Credit Union,https://s3-placid.s3.eu-central-1.amazonaws.com/production/rest-images/t2rsm7ap6fybd/rest-d629983617108c6d398c64e7cf7b7eae-xdtikulg.jpg
Baylands Family Credit Union,https://s3-placid.s3.eu-central-1.amazonaws.com/production/rest-images/t2rsm7ap6fybd/rest-2594a0841cf2a6ee2b63396a0138c123-bpef9weh.jpg
Filer Credit Union,https://s3-placid.s3.eu-central-1.amazonaws.com/production/rest-images/t2rsm7ap6fybd/rest-906bd5fa9b00cc6ba791153dd4453833-dqjktv1c.jpg
Mattel Federal Credit Union,https://s3-placid.s3.eu-central-1.amazonaws.com/production/rest-images/t2rsm7ap6fybd/rest-57aa0d5b84e6569058f78e854fffa111-7ue7rnyd.jpg
Siouxland Federal Credit Union,https://s3-placid.s3.eu-central-1.amazonaws.com/production/rest-images/t2rsm7ap6fybd/rest-ae3a539bdc232a9e8d584356c5e6d70b-a2kplw12.jpg
ElecTel Cooperative Federal Credit Union,https://s3-placid.s3.eu-central-1.amazonaws.com/production/rest-images/t2rsm7ap6fybd/rest-11b510b7ef90a86ef19ce52bc237a328-bho1xlzo.jpg
Greenville Heritage,https://s3-placid.s3.eu-central-1.amazonaws.com/production/rest-images/t2rsm7ap6fybd/rest-1e211a22ce4ea34ee680c1c9ef791c65-aw2zia8m.jpg
Anoka Hennepin Credit Union,https://s3-placid.s3.eu-central-1.amazonaws.com/production/rest-images/t2rsm7ap6fybd/rest-57fbcf81258ddc9be35729fb85dd7d15-o80d4b0u.jpg
Adventure Credit Union,https://s3-placid.s3.eu-central-1.amazonaws.com/production/rest-images/t2rsm7ap6fybd/rest-5d26b8d7cd6176d030aa5c7755cbe13e-mp8iagut.jpg
Jefferson Financial Federal Credit Union,https://s3-placid.s3.eu-central-1.amazonaws.com/production/rest-images/t2rsm7ap6fybd/rest-86913cb9991cba23c267ad613d32e9a6-svjbog7l.jpg
Circle Federal Credit Union,https://s3-placid.s3.eu-central-1.amazonaws.com/production/rest-images/t2rsm7ap6fybd/rest-b1c71fff4de9a688ae463558f596b233-8n89xni7.jpg
Cleveland Selfreliance Federal Credit Union,https://s3-placid.s3.eu-central-1.amazonaws.com/production/rest-images/t2rsm7ap6fybd/rest-f5704f8901092f5ef453c35955bdf204-jccbyrsh.jpg
Greenville Federal Credit Union,https://s3-placid.s3.eu-central-1.amazonaws.com/production/rest-images/t2rsm7ap6fybd/rest-3afc0eaa0dbe3a9c54cf5d50f1fe28f0-rjzbvg7b.jpg
Prospera Credit Union,https://s3-placid.s3.eu-central-1.amazonaws.com/production/rest-images/t2rsm7ap6fybd/rest-d2d4583618d1eef343602e2bdf92a0ce-ejhq8hdc.jpg
Jolt Credit Union,https://s3-placid.s3.eu-central-1.amazonaws.com/production/rest-images/t2rsm7ap6fybd/rest-16f398b74301896b11f203eed0bb9bad-7reaj1m8.jpg
Nymeo Federal Credit Union,https://s3-placid.s3.eu-central-1.amazonaws.com/production/rest-images/t2rsm7ap6fybd/rest-b76adb75e6d33b877eaf6c570cb753f3-tfetpruq.jpg
Guadalupe Credit Union,https://s3-placid.s3.eu-central-1.amazonaws.com/production/rest-images/t2rsm7ap6fybd/rest-3bf03c2ff8640e95d4f77d986d17b091-mwd4jrik.jpg
Gulf Coast Federal Credit Union,https://s3-placid.s3.eu-central-1.amazonaws.com/production/rest-images/t2rsm7ap6fybd/rest-f50a2915fc09e9f6da28546cc32c5836-qhprtnx3.jpg
New Haven County Credit Union,https://s3-placid.s3.eu-central-1.amazonaws.com/production/rest-images/t2rsm7ap6fybd/rest-9849c8b6ed6094bfea004c7eade64c14-kbva4u4m.jpg
Norwalk Hospital Credit Union,https://s3-placid.s3.eu-central-1.amazonaws.com/production/rest-images/t2rsm7ap6fybd/rest-cc53b6280c18edc1e3abace59ec6fdd0-agjbkrtr.jpg
Maine Family Federal Credit Union,https://s3-placid.s3.eu-central-1.amazonaws.com/production/rest-images/t2rsm7ap6fybd/rest-5849020a79ecbc6726afb1dfdd592dec-ilwhavve.jpg
Voyage Federal Credit Union,https://s3-placid.s3.eu-central-1.amazonaws.com/production/rest-images/t2rsm7ap6fybd/rest-a1f1b3074a2d0923955d43c9c970f9fe-tkl57lgm.jpg
Vision One Credit Union,https://s3-placid.s3.eu-central-1.amazonaws.com/production/rest-images/t2rsm7ap6fybd/rest-7edceff5d5be22af4b3b0b12b34e1a11-uqi8po8f.jpg
United Catholics Federal Credit Union,https://s3-placid.s3.eu-central-1.amazonaws.com/production/rest-images/t2rsm7ap6fybd/rest-596845497943c7c4e4b82b05aa110d29-53byc8mb.jpg
Desert Rivers Credit Union,https://s3-placid.s3.eu-central-1.amazonaws.com/production/rest-images/t2rsm7ap6fybd/rest-c4f981b5ba4c451e671aa500009d72ef-drmm8pqm.jpg